-- MariaDB dump 10.19  Distrib 10.6.4-MariaDB, for Linux (x86_64)
--
-- Host: starcoin-db-2.c0bz9kehdvnb.ap-northeast-1.rds.amazonaws.com
-- ------------------------------------------------------
-- Server version	8.0.23

/*!40101 SET @OLD_CHARACTER_SET_CLIENT=@@CHARACTER_SET_CLIENT */;
/*!40101 SET @OLD_CHARACTER_SET_RESULTS=@@CHARACTER_SET_RESULTS */;
/*!40101 SET @OLD_COLLATION_CONNECTION=@@COLLATION_CONNECTION */;
/*!40101 SET NAMES utf8mb4 */;
/*!40103 SET @OLD_TIME_ZONE=@@TIME_ZONE */;
/*!40103 SET TIME_ZONE='+00:00' */;
/*!40014 SET @OLD_UNIQUE_CHECKS=@@UNIQUE_CHECKS, UNIQUE_CHECKS=0 */;
/*!40014 SET @OLD_FOREIGN_KEY_CHECKS=@@FOREIGN_KEY_CHECKS, FOREIGN_KEY_CHECKS=0 */;
/*!40101 SET @OLD_SQL_MODE=@@SQL_MODE, SQL_MODE='NO_AUTO_VALUE_ON_ZERO' */;
/*!40111 SET @OLD_SQL_NOTES=@@SQL_NOTES, SQL_NOTES=0 */;

--
-- Current Database: `starswap`
--

-- CREATE DATABASE /*!32312 IF NOT EXISTS*/ `starswap` /*!40100 DEFAULT CHARACTER SET utf8mb4 COLLATE utf8mb4_unicode_ci */ /*!80016 DEFAULT ENCRYPTION='N' */;

USE `starswap`;

--
-- Table structure for table `flyway_schema_history`
--

-- DROP TABLE IF EXISTS `flyway_schema_history`;
--/*!40101 SET @saved_cs_client     = @@character_set_client */;
--/*!40101 SET character_set_client = utf8 */;
--CREATE TABLE `flyway_schema_history` (
--  `installed_rank` int NOT NULL,
--  `version` varchar(50) COLLATE utf8mb4_unicode_ci DEFAULT NULL,
--  `description` varchar(200) COLLATE utf8mb4_unicode_ci NOT NULL,
--  `type` varchar(20) COLLATE utf8mb4_unicode_ci NOT NULL,
--  `script` varchar(1000) COLLATE utf8mb4_unicode_ci NOT NULL,
--  `checksum` int DEFAULT NULL,
--  `installed_by` varchar(100) COLLATE utf8mb4_unicode_ci NOT NULL,
--  `installed_on` timestamp NOT NULL DEFAULT CURRENT_TIMESTAMP,
--  `execution_time` int NOT NULL,
--  `success` tinyint(1) NOT NULL,
--  PRIMARY KEY (`installed_rank`),
--  KEY `flyway_schema_history_s_idx` (`success`)
--) ENGINE=InnoDB DEFAULT CHARSET=utf8mb4 COLLATE=utf8mb4_unicode_ci;
--/*!40101 SET character_set_client = @saved_cs_client */;

--
-- Dumping data for table `flyway_schema_history`
--

--LOCK TABLES `flyway_schema_history` WRITE;
--/*!40000 ALTER TABLE `flyway_schema_history` DISABLE KEYS */;
--INSERT INTO `flyway_schema_history` VALUES (1,'0.0.1','<< Flyway Baseline >>','BASELINE','<< Flyway Baseline >>',NULL,'starcoin','2021-09-18 03:52:06',0,1),(2,'0.0.1.1','add TokenToUsdPricePairMapping','SQL','V0.0.1_1__add_TokenToUsdPricePairMapping.sql',2014492164,'starcoin','2021-09-25 11:03:00',30,1),(3,'0.0.1.2','add LiquidityPool reserves','SQL','V0.0.1_2__add_LiquidityPool_reserves.sql',1562398952,'starcoin','2021-09-26 04:51:27',79,1),(4,'0.0.1.3','drop LiquidityToken columns','SQL','V0.0.1_3__drop_LiquidityToken_columns.sql',186054006,'starcoin','2021-09-30 04:55:53',303,1),(5,'0.0.1.4','add toUsdExchangeRatePath','SQL','V0.0.1_4__add_toUsdExchangeRatePath.sql',-1604331874,'starcoin','2022-01-19 01:50:23',26,1),(6,'0.0.1.5','add rewardMultiplier','SQL','V0.0.1_5__add_rewardMultiplier.sql',605380557,'starcoin','2022-01-19 01:50:23',16,1),(7,'0.0.1.6','add SyrupPool','SQL','V0.0.1_6__add_SyrupPool.sql',2134420988,'starcoin','2022-01-24 13:25:46',81,1);
--/*!40000 ALTER TABLE `flyway_schema_history` ENABLE KEYS */;
--UNLOCK TABLES;

--
-- Table structure for table `liquidity_account`
--

-- DROP TABLE IF EXISTS `liquidity_account`;
--/*!40101 SET @saved_cs_client     = @@character_set_client */;
--/*!40101 SET character_set_client = utf8 */;
--CREATE TABLE `liquidity_account` (
--  `account_address` varchar(34) NOT NULL,
--  `liquidity_token_address` varchar(34) NOT NULL,
--  `token_x_id` varchar(15) NOT NULL,
--  `token_y_id` varchar(15) NOT NULL,
--  `pool_address` varchar(34) NOT NULL,
--  `created_at` bigint NOT NULL,
--  `created_by` varchar(70) NOT NULL,
--  `deactived` bit(1) NOT NULL,
--  `liquidity` decimal(31,0) DEFAULT NULL,
--  `updated_at` bigint NOT NULL,
--  `updated_by` varchar(70) NOT NULL,
--  `version` bigint DEFAULT NULL,
--  PRIMARY KEY (`account_address`,`liquidity_token_address`,`token_x_id`,`token_y_id`,`pool_address`),
--  KEY `idx_token_x_y_id` (`token_x_id`,`token_y_id`)
--) ENGINE=InnoDB DEFAULT CHARSET=utf8mb4 COLLATE=utf8mb4_unicode_ci;
--/*!40101 SET character_set_client = @saved_cs_client */;

--
-- Dumping data for table `liquidity_account`
--

LOCK TABLES `liquidity_account` WRITE;
/*!40000 ALTER TABLE `liquidity_account` DISABLE KEYS */;
/*!40000 ALTER TABLE `liquidity_account` ENABLE KEYS */;
UNLOCK TABLES;

--
-- Table structure for table `liquidity_pool`
--

-- DROP TABLE IF EXISTS `liquidity_pool`;
--/*!40101 SET @saved_cs_client     = @@character_set_client */;
--/*!40101 SET character_set_client = utf8 */;
--CREATE TABLE `liquidity_pool` (
--  `liquidity_token_address` varchar(34) NOT NULL,
--  `token_x_id` varchar(15) NOT NULL,
--  `token_y_id` varchar(15) NOT NULL,
--  `pool_address` varchar(34) NOT NULL,
--  `created_at` bigint NOT NULL,
--  `created_by` varchar(70) NOT NULL,
--  `deactived` bit(1) NOT NULL,
--  `description` varchar(1000) NOT NULL,
--  `sequence_number` int NOT NULL,
--  `total_liquidity` decimal(31,0) DEFAULT NULL,
--  `updated_at` bigint NOT NULL,
--  `updated_by` varchar(70) NOT NULL,
--  `version` bigint DEFAULT NULL,
--  `token_x_reserve` decimal(31,0) DEFAULT NULL,
--  `token_x_reserve_in_usd` decimal(51,10) DEFAULT NULL,
--  `token_y_reserve` decimal(31,0) DEFAULT NULL,
--  `token_y_reserve_in_usd` decimal(51,10) DEFAULT NULL,
--  PRIMARY KEY (`liquidity_token_address`,`token_x_id`,`token_y_id`,`pool_address`),
--  KEY `idx_token_x_y_id` (`token_x_id`,`token_y_id`)
--) ENGINE=InnoDB DEFAULT CHARSET=utf8mb4 COLLATE=utf8mb4_unicode_ci;
--/*!40101 SET character_set_client = @saved_cs_client */;

--
-- Dumping data for table `liquidity_pool`
--

LOCK TABLES `liquidity_pool` WRITE;
/*!40000 ALTER TABLE `liquidity_pool` DISABLE KEYS */;
INSERT INTO `liquidity_pool` VALUES
('0x8c109349c6bd91411d6bc962e080c4a3','FAI','STC','0x8c109349c6bd91411d6bc962e080c4a3',1639737709000,'admin','\0','STC / FAI',1,2044844486134,1645429064597,'admin',185490,499666222938,499.6662229380,8373786911216,506.1663952376),
-- ('0x8c109349c6bd91411d6bc962e080c4a3','SHARE','STC','0x8c109349c6bd91411d6bc962e080c4a3',1642653865000,'admin','\0','SHARE / STC',1,9965570537,1645429064706,'admin',89614,5260561939,NULL,18972138376,NULL),
('0x8c109349c6bd91411d6bc962e080c4a3','STAR','STC','0x8c109349c6bd91411d6bc962e080c4a3',1643294440000,'admin','\0','STC / STAR',1,69606917555486,1645429064841,'admin',69064,288337121737130,1003.3893552301,16815562707232,1016.4424829118)
-- ('0x8c109349c6bd91411d6bc962e080c4a3','STC','WEN','0x8c109349c6bd91411d6bc962e080c4a3',1642653864000,'admin','\0','STC / WEN',1,3118020288,1645429064935,'admin',89624,33178472514,NULL,294636643,NULL)
;
/*!40000 ALTER TABLE `liquidity_pool` ENABLE KEYS */;
UNLOCK TABLES;

--
-- Table structure for table `liquidity_token`
--

-- DROP TABLE IF EXISTS `liquidity_token`;
--/*!40101 SET @saved_cs_client     = @@character_set_client */;
--/*!40101 SET character_set_client = utf8 */;
--CREATE TABLE `liquidity_token` (
--  `liquidity_token_address` varchar(34) NOT NULL,
--  `token_x_id` varchar(15) NOT NULL,
--  `token_y_id` varchar(15) NOT NULL,
--  `created_at` bigint NOT NULL,
--  `created_by` varchar(70) NOT NULL,
--  `deactived` bit(1) NOT NULL,
--  `description` varchar(1000) NOT NULL,
--  `sequence_number` int NOT NULL,
--  `updated_at` bigint NOT NULL,
--  `updated_by` varchar(70) NOT NULL,
--  `version` bigint DEFAULT NULL,
--  PRIMARY KEY (`liquidity_token_address`,`token_x_id`,`token_y_id`),
--  KEY `idx_token_x_y_id` (`token_x_id`,`token_y_id`)
--) ENGINE=InnoDB DEFAULT CHARSET=utf8mb4 COLLATE=utf8mb4_unicode_ci;
--/*!40101 SET character_set_client = @saved_cs_client */;

--
-- Dumping data for table `liquidity_token`
--

LOCK TABLES `liquidity_token` WRITE;
/*!40000 ALTER TABLE `liquidity_token` DISABLE KEYS */;
INSERT INTO `liquidity_token` VALUES
('0x8c109349c6bd91411d6bc962e080c4a3','FAI','STC',1639737598000,'admin','\0','STC / FAI',1,1639737598000,'admin',0),
-- ('0x8c109349c6bd91411d6bc962e080c4a3','SHARE','STC',1642653865000,'admin','\0','SHARE / STC',1,1642653865000,'admin',0),
('0x8c109349c6bd91411d6bc962e080c4a3','STAR','STC',1643294430000,'admin','\0','STC / STAR',1,1643294430000,'admin',0)
-- ('0x8c109349c6bd91411d6bc962e080c4a3','STC','WEN',1642653864000,'admin','\0','STC / WEN',1,1642653864000,'admin',0)
;
/*!40000 ALTER TABLE `liquidity_token` ENABLE KEYS */;
UNLOCK TABLES;

--
-- Table structure for table `liquidity_token_farm`
--

-- DROP TABLE IF EXISTS `liquidity_token_farm`;
--/*!40101 SET @saved_cs_client     = @@character_set_client */;
--/*!40101 SET character_set_client = utf8 */;
--CREATE TABLE `liquidity_token_farm` (
--  `farm_address` varchar(34) NOT NULL,
--  `liquidity_token_address` varchar(34) NOT NULL,
--  `token_x_id` varchar(15) NOT NULL,
--  `token_y_id` varchar(15) NOT NULL,
--  `created_at` bigint NOT NULL,
--  `created_by` varchar(70) NOT NULL,
--  `deactived` bit(1) NOT NULL,
--  `description` varchar(1000) DEFAULT NULL,
--  `estimated_apy` decimal(31,10) DEFAULT NULL,
--  `sequence_number` int NOT NULL,
--  `total_stake_amount` decimal(31,0) DEFAULT NULL,
--  `updated_at` bigint NOT NULL,
--  `updated_by` varchar(70) NOT NULL,
--  `version` bigint DEFAULT NULL,
--  `reward_token_id` varchar(15) NOT NULL,
--  `tvl_in_usd` decimal(51,10) DEFAULT NULL,
--  `reward_multiplier` int DEFAULT NULL,
--  PRIMARY KEY (`farm_address`,`liquidity_token_address`,`token_x_id`,`token_y_id`),
--  KEY `idx_token_x_y_id` (`token_x_id`,`token_y_id`)
--) ENGINE=InnoDB DEFAULT CHARSET=utf8mb4 COLLATE=utf8mb4_unicode_ci;
--/*!40101 SET character_set_client = @saved_cs_client */;

--
-- Dumping data for table `liquidity_token_farm`
--

LOCK TABLES `liquidity_token_farm` WRITE;
/*!40000 ALTER TABLE `liquidity_token_farm` DISABLE KEYS */;
INSERT INTO `liquidity_token_farm` VALUES
('0x8c109349c6bd91411d6bc962e080c4a3','0x8c109349c6bd91411d6bc962e080c4a3','FAI','STC',1639737823000,'admin','\0','STC / FAI',1078.2467009100,1,413829993858,1645429064042,'admin',10730,'STAR',203.5576343452,10),
('0x8c109349c6bd91411d6bc962e080c4a3','0x8c109349c6bd91411d6bc962e080c4a3','STAR','STC',1643294454000,'admin','\0','STC / STAR',1222.4419282500,1,6187489632964,1645429064280,'admin',10714,'STAR',179.5466456171,30)
;
/*!40000 ALTER TABLE `liquidity_token_farm` ENABLE KEYS */;
UNLOCK TABLES;

--
-- Table structure for table `liquidity_token_farm_account`
--

-- DROP TABLE IF EXISTS `liquidity_token_farm_account`;
--/*!40101 SET @saved_cs_client     = @@character_set_client */;
--/*!40101 SET character_set_client = utf8 */;
--CREATE TABLE `liquidity_token_farm_account` (
--  `account_address` varchar(34) NOT NULL,
--  `farm_address` varchar(34) NOT NULL,
--  `liquidity_token_address` varchar(34) NOT NULL,
--  `token_x_id` varchar(15) NOT NULL,
--  `token_y_id` varchar(15) NOT NULL,
--  `created_at` bigint NOT NULL,
--  `created_by` varchar(70) NOT NULL,
--  `deactived` bit(1) NOT NULL,
--  `stake_amount` decimal(31,0) DEFAULT NULL,
--  `updated_at` bigint NOT NULL,
--  `updated_by` varchar(70) NOT NULL,
--  `version` bigint DEFAULT NULL,
--  PRIMARY KEY (`account_address`,`farm_address`,`liquidity_token_address`,`token_x_id`,`token_y_id`),
--  KEY `idx_token_x_y_id` (`token_x_id`,`token_y_id`)
--) ENGINE=InnoDB DEFAULT CHARSET=utf8mb4 COLLATE=utf8mb4_unicode_ci;
--/*!40101 SET character_set_client = @saved_cs_client */;

--
-- Dumping data for table `liquidity_token_farm_account`
--

LOCK TABLES `liquidity_token_farm_account` WRITE;
/*!40000 ALTER TABLE `liquidity_token_farm_account` DISABLE KEYS */;
-- INSERT INTO `liquidity_token_farm_account` VALUES ('0x0004b7933b91f5465225314b81978fc6','0x8c109349c6bd91411d6bc962e080c4a3','0x8c109349c6bd91411d6bc962e080c4a3','STC','XUSDT',1644705691262,'admin','\0',0,1644705691262,'admin',0),('0x00078cb1890f85469ad3aabad4cca3cf','0x8c109349c6bd91411d6bc962e080c4a3','0x8c109349c6bd91411d6bc962e080c4a3','STC','XUSDT',1644750266795,'admin','\0',0,1644750266795,'admin',0),('0x0094b288bfe651d7ce5f28ae01b901fc','0x8c109349c6bd91411d6bc962e080c4a3','0x8c109349c6bd91411d6bc962e080c4a3','STC','XUSDT',1644698347190,'admin','\0',0,1644698347207,'admin',1),('0x00e34032be014c2329c9f94885dbf98e','0x8c109349c6bd91411d6bc962e080c4a3','0x8c109349c6bd91411d6bc962e080c4a3','STC','XUSDT',1644784483926,'admin','\0',0,1644784484064,'admin',1),('0x0318061a577fa9740ffde993f0208191','0x8c109349c6bd91411d6bc962e080c4a3','0x8c109349c6bd91411d6bc962e080c4a3','FAI','STC',1645253992786,'admin','\0',0,1645253992786,'admin',0),('0x0318061a577fa9740ffde993f0208191','0x8c109349c6bd91411d6bc962e080c4a3','0x8c109349c6bd91411d6bc962e080c4a3','STAR','STC',1645256938578,'admin','\0',0,1645256938578,'admin',0),('0x037c143895ba072edb63a4e4c80f8147','0x8c109349c6bd91411d6bc962e080c4a3','0x8c109349c6bd91411d6bc962e080c4a3','FAI','STC',1645202285491,'admin','\0',0,1645202285491,'admin',0),('0x03c729f5efe801514ef0d6684f7a5e93','0x8c109349c6bd91411d6bc962e080c4a3','0x8c109349c6bd91411d6bc962e080c4a3','STC','XUSDT',1644823151299,'admin','\0',0,1644823151299,'admin',0),('0x05c4c58b3b0b9387607a28d1c9e4961d','0x8c109349c6bd91411d6bc962e080c4a3','0x8c109349c6bd91411d6bc962e080c4a3','STC','XUSDT',1644825270448,'admin','\0',0,1644825270448,'admin',0),('0x06071d71430b228d7731131c25bd716f','0x8c109349c6bd91411d6bc962e080c4a3','0x8c109349c6bd91411d6bc962e080c4a3','STC','XUSDT',1644700641722,'admin','\0',0,1644700641722,'admin',0),('0x06e9f30cf27def2dc6412f0de32602e2','0x8c109349c6bd91411d6bc962e080c4a3','0x8c109349c6bd91411d6bc962e080c4a3','STC','XUSDT',1643106520285,'admin','\0',0,1643122514784,'admin',2),('0x0a3c06f651c4bac7418f7a1ad256f6bf','0x8c109349c6bd91411d6bc962e080c4a3','0x8c109349c6bd91411d6bc962e080c4a3','STC','XUSDT',1644694454623,'admin','\0',0,1644694454638,'admin',1),('0x0a8559373ca2dca74d538384d5a92f8f','0x8c109349c6bd91411d6bc962e080c4a3','0x8c109349c6bd91411d6bc962e080c4a3','STC','XUSDT',1644690891999,'admin','\0',0,1644690892029,'admin',1),('0x0b42bf5cbc8922869382bace0e56ecd3','0x8c109349c6bd91411d6bc962e080c4a3','0x8c109349c6bd91411d6bc962e080c4a3','STC','XUSDT',1644741039425,'admin','\0',0,1644741039433,'admin',1),('0x0c398d4c168b7d3f80aa5c8001ac10e1','0x8c109349c6bd91411d6bc962e080c4a3','0x8c109349c6bd91411d6bc962e080c4a3','STC','XUSDT',1644702584853,'admin','\0',0,1644702584897,'admin',1),('0x0d08c8a9f60b6dd5de1fb7e482412392','0x8c109349c6bd91411d6bc962e080c4a3','0x8c109349c6bd91411d6bc962e080c4a3','STC','XUSDT',1644763548453,'admin','\0',0,1644763548586,'admin',1),('0x0f646614d814dc86a6cb4947d2bac58e','0x8c109349c6bd91411d6bc962e080c4a3','0x8c109349c6bd91411d6bc962e080c4a3','STC','XUSDT',1644688277618,'admin','\0',0,1644688277618,'admin',0),('0x1008d8661c7316749ad2200fba71b5ba','0x8c109349c6bd91411d6bc962e080c4a3','0x8c109349c6bd91411d6bc962e080c4a3','STC','XUSDT',1644714359250,'admin','\0',0,1644714359250,'admin',0),('0x101284df70e1b599caab7c8591af15c6','0x8c109349c6bd91411d6bc962e080c4a3','0x8c109349c6bd91411d6bc962e080c4a3','STC','XUSDT',1644705098169,'admin','\0',0,1644705098169,'admin',0),('0x107b3d1c43dba02cf6f63caa1f26dcfd','0x8c109349c6bd91411d6bc962e080c4a3','0x8c109349c6bd91411d6bc962e080c4a3','STC','XUSDT',1644782420824,'admin','\0',0,1644782484985,'admin',3),('0x1225d09f98d14459a95c0e58da8b3fd9','0x8c109349c6bd91411d6bc962e080c4a3','0x8c109349c6bd91411d6bc962e080c4a3','STC','XUSDT',1644784449499,'admin','\0',0,1644784449666,'admin',1),('0x14dd003477ffb9fd73698d1411920a43','0x8c109349c6bd91411d6bc962e080c4a3','0x8c109349c6bd91411d6bc962e080c4a3','STC','XUSDT',1644762488560,'admin','\0',0,1644762488671,'admin',1),('0x15c0328fd65ccc1e75808d10b746624d','0x8c109349c6bd91411d6bc962e080c4a3','0x8c109349c6bd91411d6bc962e080c4a3','STC','XUSDT',1644699131609,'admin','\0',0,1644699131609,'admin',0),('0x160763eab1973753778d711cd8cd9e67','0x8c109349c6bd91411d6bc962e080c4a3','0x8c109349c6bd91411d6bc962e080c4a3','FAI','STC',1645113608680,'admin','\0',0,1645195718910,'admin',2),('0x160763eab1973753778d711cd8cd9e67','0x8c109349c6bd91411d6bc962e080c4a3','0x8c109349c6bd91411d6bc962e080c4a3','STAR','STC',1645113645031,'admin','\0',0,1645266958723,'admin',1),('0x161b7d49a5f82c94e8a0db4647836258','0x8c109349c6bd91411d6bc962e080c4a3','0x8c109349c6bd91411d6bc962e080c4a3','STC','XUSDT',1644695730242,'admin','\0',0,1644695730242,'admin',0),('0x1653d39e098bc61f5144882c6e8c5efe','0x8c109349c6bd91411d6bc962e080c4a3','0x8c109349c6bd91411d6bc962e080c4a3','STC','XUSDT',1644790959656,'admin','\0',0,1644790959785,'admin',1),('0x16fa7b443996250693126a0408e1b9ad','0x8c109349c6bd91411d6bc962e080c4a3','0x8c109349c6bd91411d6bc962e080c4a3','STC','XUSDT',1644777997798,'admin','\0',0,1644778051488,'admin',3),('0x18445639e4d777fc4fa3009a9f8b1205','0x8c109349c6bd91411d6bc962e080c4a3','0x8c109349c6bd91411d6bc962e080c4a3','STC','XUSDT',1644704955727,'admin','\0',0,1644705655328,'admin',1),('0x185e82fff0be311c8b142ca806857de0','0x8c109349c6bd91411d6bc962e080c4a3','0x8c109349c6bd91411d6bc962e080c4a3','STC','XUSDT',1644780263847,'admin','\0',0,1644780263995,'admin',1),('0x193424d297acf0a8029dd8ca02880b11','0x8c109349c6bd91411d6bc962e080c4a3','0x8c109349c6bd91411d6bc962e080c4a3','STC','XUSDT',1644778631597,'admin','\0',0,1644778631725,'admin',1),('0x19c6599a6d661334c510c05b2c35b0ac','0x8c109349c6bd91411d6bc962e080c4a3','0x8c109349c6bd91411d6bc962e080c4a3','STC','XUSDT',1644712580378,'admin','\0',0,1644712580378,'admin',0),('0x1a7d945e830a185e8e5c08436297ae06','0x8c109349c6bd91411d6bc962e080c4a3','0x8c109349c6bd91411d6bc962e080c4a3','STC','XUSDT',1644759314335,'admin','\0',0,1644759314462,'admin',1),('0x1d7b1f61e20eb6a0265a96a3a7ddac02','0x8c109349c6bd91411d6bc962e080c4a3','0x8c109349c6bd91411d6bc962e080c4a3','STC','XUSDT',1644685335247,'admin','\0',0,1644685335260,'admin',1),('0x1dd31d119dac53925133595278b1635b','0x8c109349c6bd91411d6bc962e080c4a3','0x8c109349c6bd91411d6bc962e080c4a3','STC','XUSDT',1644759549226,'admin','\0',0,1644759549356,'admin',1),('0x1e5e77240e4e54067323e15f02acb39d','0x8c109349c6bd91411d6bc962e080c4a3','0x8c109349c6bd91411d6bc962e080c4a3','STC','XUSDT',1644759720445,'admin','\0',0,1644759720595,'admin',1),('0x1ef11e3998404ee20d04da3de92c074c','0x8c109349c6bd91411d6bc962e080c4a3','0x8c109349c6bd91411d6bc962e080c4a3','STC','XUSDT',1644693151462,'admin','\0',0,1644693151478,'admin',1),('0x1f67567854d762a69f9f3ab2ac74c90f','0x8c109349c6bd91411d6bc962e080c4a3','0x8c109349c6bd91411d6bc962e080c4a3','STC','XUSDT',1644822610987,'admin','\0',0,1644822610987,'admin',0),('0x1f7daa6f49ac8a78d6d7376acc9427f8','0x8c109349c6bd91411d6bc962e080c4a3','0x8c109349c6bd91411d6bc962e080c4a3','STC','XUSDT',1644690343669,'admin','\0',0,1644690641773,'admin',2),('0x204382f91ef36665c65f269156465b07','0x8c109349c6bd91411d6bc962e080c4a3','0x8c109349c6bd91411d6bc962e080c4a3','STC','XUSDT',1644753817781,'admin','\0',0,1644753817907,'admin',1),('0x20ce40c4057cab2c155e8cd3e034ddbd','0x8c109349c6bd91411d6bc962e080c4a3','0x8c109349c6bd91411d6bc962e080c4a3','STC','XUSDT',1644786876817,'admin','\0',0,1644787020531,'admin',3),('0x21300f88b9435f956afec7b0de3186aa','0x8c109349c6bd91411d6bc962e080c4a3','0x8c109349c6bd91411d6bc962e080c4a3','STC','XUSDT',1644773649908,'admin','\0',0,1644773650087,'admin',1),('0x23eae532c09f50a0223fb1ee40a5b374','0x8c109349c6bd91411d6bc962e080c4a3','0x8c109349c6bd91411d6bc962e080c4a3','STC','XUSDT',1644776480960,'admin','\0',0,1644776481116,'admin',1),('0x263cada78e5e9858074981d08734dd11','0x8c109349c6bd91411d6bc962e080c4a3','0x8c109349c6bd91411d6bc962e080c4a3','STC','XUSDT',1644790120713,'admin','\0',0,1644790120861,'admin',1),('0x26a505e9eda55ebe274e352622b3f91d','0x8c109349c6bd91411d6bc962e080c4a3','0x8c109349c6bd91411d6bc962e080c4a3','STC','XUSDT',1644775649040,'admin','\0',0,1644775649174,'admin',1),('0x285d06ef301cdbb576e339623f50d31d','0x8c109349c6bd91411d6bc962e080c4a3','0x8c109349c6bd91411d6bc962e080c4a3','STC','XUSDT',1642995504730,'admin','\0',0,1643012313533,'admin',16),('0x287f05198adb0e5c416d80eaabf061db','0x8c109349c6bd91411d6bc962e080c4a3','0x8c109349c6bd91411d6bc962e080c4a3','STC','XUSDT',1644693386873,'admin','\0',0,1644693386883,'admin',1),('0x28b1d2a9214f16b7e52b3ab85478de77','0x8c109349c6bd91411d6bc962e080c4a3','0x8c109349c6bd91411d6bc962e080c4a3','STC','XUSDT',1644766435293,'admin','\0',0,1644766435406,'admin',1),('0x2bb5760b23f59c0c2db2d97ad930d2f4','0x8c109349c6bd91411d6bc962e080c4a3','0x8c109349c6bd91411d6bc962e080c4a3','STC','XUSDT',1644775927822,'admin','\0',0,1644775927981,'admin',1),('0x2c11ba88578dd64af308494274deaea6','0x8c109349c6bd91411d6bc962e080c4a3','0x8c109349c6bd91411d6bc962e080c4a3','STC','XUSDT',1644838616374,'admin','\0',0,1644838616374,'admin',0),('0x2c99908a0db8fc16b8e07be5c7e4dc8b','0x8c109349c6bd91411d6bc962e080c4a3','0x8c109349c6bd91411d6bc962e080c4a3','STC','XUSDT',1644721430063,'admin','\0',0,1644721844501,'admin',1),('0x2cb465239b485aefed664304c286b366','0x8c109349c6bd91411d6bc962e080c4a3','0x8c109349c6bd91411d6bc962e080c4a3','STC','XUSDT',1644775726049,'admin','\0',0,1644776650065,'admin',3),('0x2d0153c2481b0a2c5c83671cd7e4eea0','0x8c109349c6bd91411d6bc962e080c4a3','0x8c109349c6bd91411d6bc962e080c4a3','FAI','STC',1645254171521,'admin','\0',0,1645254171521,'admin',0),('0x2d2c57f19251fcfbf3b513d90b9dafd6','0x8c109349c6bd91411d6bc962e080c4a3','0x8c109349c6bd91411d6bc962e080c4a3','FAI','STC',1645262757494,'admin','\0',0,1645262757535,'admin',1),('0x2d2c57f19251fcfbf3b513d90b9dafd6','0x8c109349c6bd91411d6bc962e080c4a3','0x8c109349c6bd91411d6bc962e080c4a3','STAR','STC',1645262874425,'admin','\0',0,1645262874425,'admin',0),('0x2d8708fb3c694b67760982d51f936d3f','0x8c109349c6bd91411d6bc962e080c4a3','0x8c109349c6bd91411d6bc962e080c4a3','STC','XUSDT',1644708007063,'admin','\0',0,1644708007063,'admin',0),('0x2ed149c7aec46730757038d3f7825945','0x8c109349c6bd91411d6bc962e080c4a3','0x8c109349c6bd91411d6bc962e080c4a3','STC','XUSDT',1644713184389,'admin','\0',0,1644713238461,'admin',1),('0x34073939f6a0358531f1c7109339f049','0x8c109349c6bd91411d6bc962e080c4a3','0x8c109349c6bd91411d6bc962e080c4a3','STC','XUSDT',1644685691406,'admin','\0',0,1644685691406,'admin',0),('0x35aa17bad94aaed3a79beb91c658cc82','0x8c109349c6bd91411d6bc962e080c4a3','0x8c109349c6bd91411d6bc962e080c4a3','STC','XUSDT',1644690800233,'admin','\0',0,1644690800280,'admin',1),('0x35e0158fb855b129933d03da69728f6e','0x8c109349c6bd91411d6bc962e080c4a3','0x8c109349c6bd91411d6bc962e080c4a3','FAI','STC',1645106807845,'admin','\0',0,1645106807974,'admin',1),('0x36f7c8212eeddf8cf64d056564d7b66c','0x8c109349c6bd91411d6bc962e080c4a3','0x8c109349c6bd91411d6bc962e080c4a3','STC','XUSDT',1644773426313,'admin','\0',0,1644773426452,'admin',1),('0x3a7a4d1c10d96c54773d6711a7bb43cf','0x8c109349c6bd91411d6bc962e080c4a3','0x8c109349c6bd91411d6bc962e080c4a3','STC','XUSDT',1644774752460,'admin','\0',0,1644774752564,'admin',1),('0x3b5dd14e3c4834add0327eb3d6105353','0x8c109349c6bd91411d6bc962e080c4a3','0x8c109349c6bd91411d6bc962e080c4a3','FAI','STC',1645411754307,'admin','\0',0,1645411754452,'admin',1),('0x3b5dd14e3c4834add0327eb3d6105353','0x8c109349c6bd91411d6bc962e080c4a3','0x8c109349c6bd91411d6bc962e080c4a3','STAR','STC',1645411977393,'admin','\0',0,1645411977516,'admin',1),('0x3bee46edb8f5322ac1d8a92154e0f3be','0x8c109349c6bd91411d6bc962e080c4a3','0x8c109349c6bd91411d6bc962e080c4a3','STC','XUSDT',1644800450724,'admin','\0',0,1644800450724,'admin',0),('0x3d11a9a43cb992db4eea71ffecb7e9a5','0x8c109349c6bd91411d6bc962e080c4a3','0x8c109349c6bd91411d6bc962e080c4a3','STC','XUSDT',1644712745555,'admin','\0',0,1644712745555,'admin',0),('0x3d875df40690bc7343d2a4d36fc193f5','0x8c109349c6bd91411d6bc962e080c4a3','0x8c109349c6bd91411d6bc962e080c4a3','STC','XUSDT',1644702501531,'admin','\0',0,1644702501551,'admin',1),('0x3e3cd0104acd2eadcc64ba661fa873eb','0x8c109349c6bd91411d6bc962e080c4a3','0x8c109349c6bd91411d6bc962e080c4a3','STC','XUSDT',1644783787690,'admin','\0',0,1644783787704,'admin',1),('0x3eec21249eedfbb25bb4714a1f162aa3','0x8c109349c6bd91411d6bc962e080c4a3','0x8c109349c6bd91411d6bc962e080c4a3','STC','XUSDT',1644681612757,'admin','\0',0,1644681612765,'admin',1),('0x41944be3e161638f96af3af6b5d4e081','0x8c109349c6bd91411d6bc962e080c4a3','0x8c109349c6bd91411d6bc962e080c4a3','STC','XUSDT',1644690377253,'admin','\0',0,1644690377269,'admin',1),('0x41cac1d0f18d67546a099bd0897050c1','0x8c109349c6bd91411d6bc962e080c4a3','0x8c109349c6bd91411d6bc962e080c4a3','STC','XUSDT',1644700835862,'admin','\0',0,1644700835862,'admin',0),('0x42f7cb09899e816cc69ba928927b4dcf','0x8c109349c6bd91411d6bc962e080c4a3','0x8c109349c6bd91411d6bc962e080c4a3','STC','XUSDT',1644698153917,'admin','\0',0,1644698153928,'admin',1),('0x443d00496c61af6d5801becd69c2c945','0x8c109349c6bd91411d6bc962e080c4a3','0x8c109349c6bd91411d6bc962e080c4a3','STC','XUSDT',1644798812890,'admin','\0',0,1644798812890,'admin',0),('0x488a06dc4a705dbb6b88189a90f9e5a3','0x8c109349c6bd91411d6bc962e080c4a3','0x8c109349c6bd91411d6bc962e080c4a3','FAI','STC',1645195786726,'admin','\0',0,1645195786726,'admin',0),('0x48fa72caa46bd7b97f2b49d42c0afe8d','0x8c109349c6bd91411d6bc962e080c4a3','0x8c109349c6bd91411d6bc962e080c4a3','FAI','STC',1645259664719,'admin','\0',0,1645259693409,'admin',2),('0x4a1d7ec1d4ae68c56cfdf85e31595877','0x8c109349c6bd91411d6bc962e080c4a3','0x8c109349c6bd91411d6bc962e080c4a3','STC','XUSDT',1644687546590,'admin','\0',0,1644687546590,'admin',0),('0x4c683c8ed74e00a5cf000412496e5816','0x8c109349c6bd91411d6bc962e080c4a3','0x8c109349c6bd91411d6bc962e080c4a3','STC','XUSDT',1644794906301,'admin','\0',0,1644794906444,'admin',1),('0x4e687aa86712084f0dd4ccf4bf7d9030','0x8c109349c6bd91411d6bc962e080c4a3','0x8c109349c6bd91411d6bc962e080c4a3','STC','XUSDT',1644842346095,'admin','\0',0,1644842346095,'admin',0),('0x50d29edfdfe9be7d1673a558476f8806','0x8c109349c6bd91411d6bc962e080c4a3','0x8c109349c6bd91411d6bc962e080c4a3','STC','XUSDT',1644779013214,'admin','\0',0,1644779285927,'admin',3),('0x50e43c15a9fe0c8be4dfe732c1766610','0x8c109349c6bd91411d6bc962e080c4a3','0x8c109349c6bd91411d6bc962e080c4a3','STC','XUSDT',1644749462123,'admin','\0',0,1644749462257,'admin',1),('0x52079561d274294122538c8b8ffc0ff0','0x8c109349c6bd91411d6bc962e080c4a3','0x8c109349c6bd91411d6bc962e080c4a3','FAI','STC',1645101376960,'admin','\0',0,1645101465618,'admin',3),('0x535c98c9b6e3d0ba748eca0524f52ff9','0x8c109349c6bd91411d6bc962e080c4a3','0x8c109349c6bd91411d6bc962e080c4a3','STC','XUSDT',1644700584893,'admin','\0',0,1644700584912,'admin',1),('0x54a1b330b2c9fe6c190dbb4a7d008759','0x8c109349c6bd91411d6bc962e080c4a3','0x8c109349c6bd91411d6bc962e080c4a3','STC','XUSDT',1644834983545,'admin','\0',0,1644834983545,'admin',0),('0x54cccb0437e81850c19a798e6bf90e8d','0x8c109349c6bd91411d6bc962e080c4a3','0x8c109349c6bd91411d6bc962e080c4a3','STC','XUSDT',1644697489306,'admin','\0',0,1644697489306,'admin',0),('0x56d3a6ccd700c1c23a9c4bec9d16a20b','0x8c109349c6bd91411d6bc962e080c4a3','0x8c109349c6bd91411d6bc962e080c4a3','STC','XUSDT',1644755032123,'admin','\0',0,1644755032239,'admin',1),('0x5a2ca210b23d09afd885d790db3feda8','0x8c109349c6bd91411d6bc962e080c4a3','0x8c109349c6bd91411d6bc962e080c4a3','STC','XUSDT',1644750650589,'admin','\0',0,1644750650740,'admin',1),('0x5c3e6be5176be153379ccd385d0a1628','0x8c109349c6bd91411d6bc962e080c4a3','0x8c109349c6bd91411d6bc962e080c4a3','STC','XUSDT',1644753425720,'admin','\0',0,1644753425846,'admin',1),('0x5c868629bce6afd7e1b637ea04a25042','0x8c109349c6bd91411d6bc962e080c4a3','0x8c109349c6bd91411d6bc962e080c4a3','STC','XUSDT',1644722299671,'admin','\0',0,1644722299671,'admin',0),('0x5d20d7e2d8a4892fb9a6d67165ba8f69','0x8c109349c6bd91411d6bc962e080c4a3','0x8c109349c6bd91411d6bc962e080c4a3','STC','XUSDT',1644787232770,'admin','\0',0,1644787232917,'admin',1),('0x5d3f31ddde1982db0f76762545af4687','0x8c109349c6bd91411d6bc962e080c4a3','0x8c109349c6bd91411d6bc962e080c4a3','STC','XUSDT',1644739454323,'admin','\0',0,1644739454323,'admin',0),('0x5d59cc0ca2baab66b25a5fa5214c499c','0x8c109349c6bd91411d6bc962e080c4a3','0x8c109349c6bd91411d6bc962e080c4a3','STC','XUSDT',1644711742876,'admin','\0',0,1644711742876,'admin',0),('0x5e426c7f321b842f2cb75298760447ed','0x8c109349c6bd91411d6bc962e080c4a3','0x8c109349c6bd91411d6bc962e080c4a3','STC','XUSDT',1644698834761,'admin','\0',0,1644698834830,'admin',1),('0x62d8b4bcdf7fc529bcf9f53ad128ef0a','0x8c109349c6bd91411d6bc962e080c4a3','0x8c109349c6bd91411d6bc962e080c4a3','STC','XUSDT',1644707351726,'admin','\0',0,1644707351726,'admin',0),('0x63a5b89158a641a184f5100012d64670','0x8c109349c6bd91411d6bc962e080c4a3','0x8c109349c6bd91411d6bc962e080c4a3','STC','XUSDT',1644782754593,'admin','\0',0,1644782913320,'admin',3),('0x64a614d2aa511716a2eb6d60daa6f6d0','0x8c109349c6bd91411d6bc962e080c4a3','0x8c109349c6bd91411d6bc962e080c4a3','FAI','STC',1645104904441,'admin','\0',0,1645104904543,'admin',1),('0x64a614d2aa511716a2eb6d60daa6f6d0','0x8c109349c6bd91411d6bc962e080c4a3','0x8c109349c6bd91411d6bc962e080c4a3','STAR','STC',1645104935441,'admin','\0',0,1645104935551,'admin',1),('0x6599a66cf2ed17d6726766550bd00f5a','0x8c109349c6bd91411d6bc962e080c4a3','0x8c109349c6bd91411d6bc962e080c4a3','STC','XUSDT',1644749638384,'admin','\0',0,1644749638384,'admin',0),('0x65b403b324497ed59ecd4ad7d97c759c','0x8c109349c6bd91411d6bc962e080c4a3','0x8c109349c6bd91411d6bc962e080c4a3','STC','XUSDT',1644708350563,'admin','\0',0,1644708350563,'admin',0),('0x662574bda88270c8c53a989b3ca3874a','0x8c109349c6bd91411d6bc962e080c4a3','0x8c109349c6bd91411d6bc962e080c4a3','STC','XUSDT',1644690415323,'admin','\0',0,1644690415323,'admin',0),('0x666bd2d712405c6c3bbb644db97f7fa4','0x8c109349c6bd91411d6bc962e080c4a3','0x8c109349c6bd91411d6bc962e080c4a3','STC','XUSDT',1644685359128,'admin','\0',0,1644685359225,'admin',1),('0x67f2e01a429b36661821c45649ff57ef','0x8c109349c6bd91411d6bc962e080c4a3','0x8c109349c6bd91411d6bc962e080c4a3','STC','XUSDT',1644686306984,'admin','\0',0,1644686306990,'admin',1),('0x6894a51099d9f9850c4aede1820d5e3c','0x8c109349c6bd91411d6bc962e080c4a3','0x8c109349c6bd91411d6bc962e080c4a3','STC','XUSDT',1644745973551,'admin','\0',0,1644745973560,'admin',1),('0x6a75bafbdbb6f5a23719236222ffc100','0x8c109349c6bd91411d6bc962e080c4a3','0x8c109349c6bd91411d6bc962e080c4a3','STC','XUSDT',1644688878693,'admin','\0',0,1644688983048,'admin',1),('0x6caa40e1b58a9c48fa814c4d995b9676','0x8c109349c6bd91411d6bc962e080c4a3','0x8c109349c6bd91411d6bc962e080c4a3','STC','XUSDT',1644692808562,'admin','\0',0,1644692978941,'admin',2),('0x6eb2832dc80bc9437ac28f36e5d61c8c','0x8c109349c6bd91411d6bc962e080c4a3','0x8c109349c6bd91411d6bc962e080c4a3','STC','XUSDT',1644827225365,'admin','\0',0,1644827225365,'admin',0),('0x6f0287b5a91bed393e16026b3f6ed902','0x8c109349c6bd91411d6bc962e080c4a3','0x8c109349c6bd91411d6bc962e080c4a3','STC','XUSDT',1644693325873,'admin','\0',0,1644693325873,'admin',0),('0x717ce88f3bd80a2a8ddf11f6ff4ac822','0x8c109349c6bd91411d6bc962e080c4a3','0x8c109349c6bd91411d6bc962e080c4a3','STC','XUSDT',1644682273927,'admin','\0',0,1644682273945,'admin',1),('0x735226fd2c1c89d5cbd0618507e44611','0x8c109349c6bd91411d6bc962e080c4a3','0x8c109349c6bd91411d6bc962e080c4a3','STC','XUSDT',1644701219933,'admin','\0',0,1644701219952,'admin',1),('0x7415bb1311bf890b8441c9beee403526','0x8c109349c6bd91411d6bc962e080c4a3','0x8c109349c6bd91411d6bc962e080c4a3','STC','XUSDT',1644834999522,'admin','\0',0,1644834999522,'admin',0),('0x75061af7c3b2a000fc9808bfb4007437','0x8c109349c6bd91411d6bc962e080c4a3','0x8c109349c6bd91411d6bc962e080c4a3','STC','XUSDT',1644778815376,'admin','\0',0,1644778815559,'admin',1),('0x75ab633fc9c77767c33de64c512711b2','0x8c109349c6bd91411d6bc962e080c4a3','0x8c109349c6bd91411d6bc962e080c4a3','STC','XUSDT',1644690729021,'admin','\0',0,1644690825717,'admin',2),('0x77526d86c795400a10701bbf1e7365fd','0x8c109349c6bd91411d6bc962e080c4a3','0x8c109349c6bd91411d6bc962e080c4a3','STC','XUSDT',1644740318561,'admin','\0',0,1644740318581,'admin',1),('0x77a4529aac80aeccfc539b66e21a6ab9','0x8c109349c6bd91411d6bc962e080c4a3','0x8c109349c6bd91411d6bc962e080c4a3','STC','XUSDT',1644818529370,'admin','\0',0,1644818606771,'admin',1),('0x78d6e20473a068c147f08f2a4769f2e9','0x8c109349c6bd91411d6bc962e080c4a3','0x8c109349c6bd91411d6bc962e080c4a3','STC','XUSDT',1644691886632,'admin','\0',0,1644692797796,'admin',4),('0x790784e26fb21ba1303af19122715b48','0x8c109349c6bd91411d6bc962e080c4a3','0x8c109349c6bd91411d6bc962e080c4a3','STC','XUSDT',1644707724900,'admin','\0',0,1644707724900,'admin',0),('0x79ce9a05afda2df964d4b50eef0baa2c','0x8c109349c6bd91411d6bc962e080c4a3','0x8c109349c6bd91411d6bc962e080c4a3','STC','XUSDT',1644698628848,'admin','\0',0,1644698628848,'admin',0),('0x79fba8f08652c317c1bd60c869438f53','0x8c109349c6bd91411d6bc962e080c4a3','0x8c109349c6bd91411d6bc962e080c4a3','FAI','STC',1645132393601,'admin','\0',0,1645132393601,'admin',0),('0x7cb8760fecdab88c9454089c3e49bcdd','0x8c109349c6bd91411d6bc962e080c4a3','0x8c109349c6bd91411d6bc962e080c4a3','STC','XUSDT',1644839809143,'admin','\0',0,1644840270814,'admin',1),('0x8022f6023a5230d891d1f92d92a128bc','0x8c109349c6bd91411d6bc962e080c4a3','0x8c109349c6bd91411d6bc962e080c4a3','FAI','STC',1645193233121,'admin','\0',0,1645193598272,'admin',3),('0x80c76a0f844625f4b7a7a2c4808b021e','0x8c109349c6bd91411d6bc962e080c4a3','0x8c109349c6bd91411d6bc962e080c4a3','STC','XUSDT',1644694224148,'admin','\0',0,1644695654898,'admin',2),('0x832a36aadae2643e4615c4a4f732c810','0x8c109349c6bd91411d6bc962e080c4a3','0x8c109349c6bd91411d6bc962e080c4a3','STC','XUSDT',1644776654726,'admin','\0',0,1644776654889,'admin',1),('0x8387ff432db9b579d448253426b94846','0x8c109349c6bd91411d6bc962e080c4a3','0x8c109349c6bd91411d6bc962e080c4a3','STC','XUSDT',1644783673569,'admin','\0',0,1644784039786,'admin',3),('0x83c38f08cfca7e23017d8b8db67789f2','0x8c109349c6bd91411d6bc962e080c4a3','0x8c109349c6bd91411d6bc962e080c4a3','STC','XUSDT',1644696752082,'admin','\0',0,1644696752096,'admin',1),('0x849e5a9419fb3555ab13cc346891ad2c','0x8c109349c6bd91411d6bc962e080c4a3','0x8c109349c6bd91411d6bc962e080c4a3','STC','XUSDT',1644776516709,'admin','\0',0,1644776516840,'admin',1),('0x850c5efb3b39fd9e5ece46ee16b99997','0x8c109349c6bd91411d6bc962e080c4a3','0x8c109349c6bd91411d6bc962e080c4a3','STC','XUSDT',1644691373759,'admin','\0',0,1644691373774,'admin',1),('0x853078282a47908b7fb7bd18ded0f4d5','0x8c109349c6bd91411d6bc962e080c4a3','0x8c109349c6bd91411d6bc962e080c4a3','STC','XUSDT',1644694198470,'admin','\0',0,1644694198488,'admin',1),('0x873b7f28d6173b1870b255a68d02df00','0x8c109349c6bd91411d6bc962e080c4a3','0x8c109349c6bd91411d6bc962e080c4a3','STC','XUSDT',1644842394992,'admin','\0',0,1644842394992,'admin',0),('0x89d73dd9fc21153a15b8082b4c0e36a8','0x8c109349c6bd91411d6bc962e080c4a3','0x8c109349c6bd91411d6bc962e080c4a3','FAI','STC',1645197107444,'admin','\0',0,1645197107444,'admin',0),('0x8ab2eeb5e07e6ef7cf5e5c25223a99cc','0x8c109349c6bd91411d6bc962e080c4a3','0x8c109349c6bd91411d6bc962e080c4a3','FAI','STC',1645143353256,'admin','\0',0,1645143353256,'admin',0),('0x8b228503055165cc927151fb69b4149a','0x8c109349c6bd91411d6bc962e080c4a3','0x8c109349c6bd91411d6bc962e080c4a3','STC','XUSDT',1644687745470,'admin','\0',0,1644687745470,'admin',0),('0x8b2d7029341259d9626d01c6391674f3','0x8c109349c6bd91411d6bc962e080c4a3','0x8c109349c6bd91411d6bc962e080c4a3','STC','XUSDT',1644748673440,'admin','\0',0,1644748673530,'admin',1),('0x8b79fdf7bd004b72ea4bd83289429455','0x8c109349c6bd91411d6bc962e080c4a3','0x8c109349c6bd91411d6bc962e080c4a3','STC','XUSDT',1643029756430,'admin','\0',0,1643029756445,'admin',1),('0x8dfdabd53801132844cea4cb7e55c14f','0x8c109349c6bd91411d6bc962e080c4a3','0x8c109349c6bd91411d6bc962e080c4a3','STC','XUSDT',1644696912780,'admin','\0',0,1644696912808,'admin',1),('0x8ee4cb9b5535d2fd956496805baaf386','0x8c109349c6bd91411d6bc962e080c4a3','0x8c109349c6bd91411d6bc962e080c4a3','STC','XUSDT',1644823189600,'admin','\0',0,1644823255100,'admin',1),('0x8ee87c27e02f0ba2716468f2a6a7ee47','0x8c109349c6bd91411d6bc962e080c4a3','0x8c109349c6bd91411d6bc962e080c4a3','FAI','STC',1645254022318,'admin','\0',0,1645254022318,'admin',0),('0x8f39a867e1cf455f71ea36ee3c5451d9','0x8c109349c6bd91411d6bc962e080c4a3','0x8c109349c6bd91411d6bc962e080c4a3','STC','XUSDT',1644710130233,'admin','\0',0,1644710130233,'admin',0),('0x8f975e005b45be94f105cac74d428c7c','0x8c109349c6bd91411d6bc962e080c4a3','0x8c109349c6bd91411d6bc962e080c4a3','STC','XUSDT',1644690445806,'admin','\0',0,1644690445830,'admin',1),('0x9022746e7f94162609f6a4e6217260d4','0x8c109349c6bd91411d6bc962e080c4a3','0x8c109349c6bd91411d6bc962e080c4a3','STC','XUSDT',1644802508206,'admin','\0',0,1644802508206,'admin',0),('0x90bcd4a584d09ac2ecd03a4939421b0c','0x8c109349c6bd91411d6bc962e080c4a3','0x8c109349c6bd91411d6bc962e080c4a3','STC','XUSDT',1644840220762,'admin','\0',0,1644840220762,'admin',0),('0x912bc41d24fac347bc6e99c192209aa9','0x8c109349c6bd91411d6bc962e080c4a3','0x8c109349c6bd91411d6bc962e080c4a3','STC','XUSDT',1644778256677,'admin','\0',0,1644778256806,'admin',1),('0x918348b0a55e95c565c5766dd92d5f02','0x8c109349c6bd91411d6bc962e080c4a3','0x8c109349c6bd91411d6bc962e080c4a3','STC','XUSDT',1644839536362,'admin','\0',0,1644839536362,'admin',0),('0x91d55411f396d5b6727803a2db19bacb','0x8c109349c6bd91411d6bc962e080c4a3','0x8c109349c6bd91411d6bc962e080c4a3','STC','XUSDT',1644683698144,'admin','\0',0,1644683698150,'admin',1),('0x930bde416207e688fbcec1e756eda5e5','0x8c109349c6bd91411d6bc962e080c4a3','0x8c109349c6bd91411d6bc962e080c4a3','FAI','STC',1645194681497,'admin','\0',0,1645194681624,'admin',1),('0x94ddf7c3f834ef406cb6f31c693df945','0x8c109349c6bd91411d6bc962e080c4a3','0x8c109349c6bd91411d6bc962e080c4a3','STC','XUSDT',1644694902036,'admin','\0',0,1644694902046,'admin',1),('0x9642ee9f317c5ccda33fe45fd0bf391a','0x8c109349c6bd91411d6bc962e080c4a3','0x8c109349c6bd91411d6bc962e080c4a3','STC','XUSDT',1644790260790,'admin','\0',0,1644790325555,'admin',3),('0x96cfe0ae6e5755fb487d640d7ce643b4','0x8c109349c6bd91411d6bc962e080c4a3','0x8c109349c6bd91411d6bc962e080c4a3','STC','XUSDT',1644753594886,'admin','\0',0,1644753595049,'admin',1),('0x9815af42023cf9b7a8978f63e5611b11','0x8c109349c6bd91411d6bc962e080c4a3','0x8c109349c6bd91411d6bc962e080c4a3','STC','XUSDT',1644775879466,'admin','\0',0,1644775879631,'admin',1),('0x981e57791fcbc5b94413b920e4f52f9f','0x8c109349c6bd91411d6bc962e080c4a3','0x8c109349c6bd91411d6bc962e080c4a3','STC','XUSDT',1644691596858,'admin','\0',0,1644691596878,'admin',1),('0x9a224702c31ed10893ee64c86ea0e3ae','0x8c109349c6bd91411d6bc962e080c4a3','0x8c109349c6bd91411d6bc962e080c4a3','STC','XUSDT',1643101612981,'admin','\0',0,1643101612981,'admin',0),('0x9c2f07e347d1e67aaae9a43f50fe0673','0x8c109349c6bd91411d6bc962e080c4a3','0x8c109349c6bd91411d6bc962e080c4a3','STC','XUSDT',1644789490410,'admin','\0',0,1644789490588,'admin',1),('0x9c8f6c0c80d79865b7d04dc65496429d','0x8c109349c6bd91411d6bc962e080c4a3','0x8c109349c6bd91411d6bc962e080c4a3','FAI','STC',1645195575150,'admin','\0',0,1645195575150,'admin',0),('0x9c8f6c0c80d79865b7d04dc65496429d','0x8c109349c6bd91411d6bc962e080c4a3','0x8c109349c6bd91411d6bc962e080c4a3','STAR','STC',1645195626635,'admin','\0',0,1645195626635,'admin',0),('0x9d617a503b1482f54a0cc4fa97a40e93','0x8c109349c6bd91411d6bc962e080c4a3','0x8c109349c6bd91411d6bc962e080c4a3','FAI','STC',1645195775991,'admin','\0',0,1645195775991,'admin',0),('0x9d617a503b1482f54a0cc4fa97a40e93','0x8c109349c6bd91411d6bc962e080c4a3','0x8c109349c6bd91411d6bc962e080c4a3','STAR','STC',1645195827185,'admin','\0',0,1645195827185,'admin',0),('0x9e24b49542cb18abc90120ce4b368383','0x8c109349c6bd91411d6bc962e080c4a3','0x8c109349c6bd91411d6bc962e080c4a3','STC','XUSDT',1644705806909,'admin','\0',0,1644706065509,'admin',1),('0x9f5aec44b31fe36e03c8def1191fed62','0x8c109349c6bd91411d6bc962e080c4a3','0x8c109349c6bd91411d6bc962e080c4a3','FAI','STC',1645193875646,'admin','\0',0,1645193875756,'admin',1),('0xa075e345b596999c5a51faf90b287f9b','0x8c109349c6bd91411d6bc962e080c4a3','0x8c109349c6bd91411d6bc962e080c4a3','STC','XUSDT',1643105012525,'admin','\0',0,1643105012588,'admin',1),('0xa0f5c5d10a420935b8507ab2dc766179','0x8c109349c6bd91411d6bc962e080c4a3','0x8c109349c6bd91411d6bc962e080c4a3','STC','XUSDT',1644689288531,'admin','\0',0,1644689288550,'admin',1),('0xa19e2361dc050547d9fe8905b6e736c0','0x8c109349c6bd91411d6bc962e080c4a3','0x8c109349c6bd91411d6bc962e080c4a3','STC','XUSDT',1644815382796,'admin','\0',0,1644815382796,'admin',0),('0xa3248cf7e20fe88dab28d6b668b5e73c','0x8c109349c6bd91411d6bc962e080c4a3','0x8c109349c6bd91411d6bc962e080c4a3','STC','XUSDT',1644776144889,'admin','\0',0,1644776145020,'admin',1),('0xa5eb580a36de47f482a8a4eaa3c5b12b','0x8c109349c6bd91411d6bc962e080c4a3','0x8c109349c6bd91411d6bc962e080c4a3','STC','XUSDT',1644785590153,'admin','\0',0,1644785590332,'admin',1),('0xa74bfcde1c8eb73384ae7f1dc26eec03','0x8c109349c6bd91411d6bc962e080c4a3','0x8c109349c6bd91411d6bc962e080c4a3','FAI','STC',1645197797889,'admin','\0',0,1645198000937,'admin',1),('0xa74bfcde1c8eb73384ae7f1dc26eec03','0x8c109349c6bd91411d6bc962e080c4a3','0x8c109349c6bd91411d6bc962e080c4a3','STAR','STC',1645198164897,'admin','\0',0,1645198164897,'admin',0),('0xac41c35b0b4dac155a135f733ac80d63','0x8c109349c6bd91411d6bc962e080c4a3','0x8c109349c6bd91411d6bc962e080c4a3','STC','XUSDT',1644699406714,'admin','\0',0,1644699406729,'admin',1),('0xac4dd97a100ab6db8739db8e4e5239bb','0x8c109349c6bd91411d6bc962e080c4a3','0x8c109349c6bd91411d6bc962e080c4a3','FAI','STC',1645194258706,'admin','\0',0,1645194258824,'admin',1),('0xad6c43031e3106c75b896296d45aa1bf','0x8c109349c6bd91411d6bc962e080c4a3','0x8c109349c6bd91411d6bc962e080c4a3','STC','XUSDT',1644695457488,'admin','\0',0,1644695457488,'admin',0),('0xb049f45d7a47f2591dc7a58c82d48d5e','0x8c109349c6bd91411d6bc962e080c4a3','0x8c109349c6bd91411d6bc962e080c4a3','STC','XUSDT',1644695702968,'admin','\0',0,1644695730206,'admin',2),('0xb068cadf16af045a40b444377f66f639','0x8c109349c6bd91411d6bc962e080c4a3','0x8c109349c6bd91411d6bc962e080c4a3','STC','XUSDT',1644689150781,'admin','\0',0,1644689150781,'admin',0),('0xb1294b81cf33188af4799b1f62c7f85c','0x8c109349c6bd91411d6bc962e080c4a3','0x8c109349c6bd91411d6bc962e080c4a3','STC','XUSDT',1644756123075,'admin','\0',0,1644756123216,'admin',1),('0xb27f27703d37d7939b033db208ec3e40','0x8c109349c6bd91411d6bc962e080c4a3','0x8c109349c6bd91411d6bc962e080c4a3','STC','XUSDT',1644789903026,'admin','\0',0,1644789903165,'admin',1),('0xb72362c331a31c891a783bb17f9805c1','0x8c109349c6bd91411d6bc962e080c4a3','0x8c109349c6bd91411d6bc962e080c4a3','STC','XUSDT',1644691044338,'admin','\0',0,1644691044385,'admin',1),('0xb74a67f51aae11f929640f3998b9b9ed','0x8c109349c6bd91411d6bc962e080c4a3','0x8c109349c6bd91411d6bc962e080c4a3','STC','XUSDT',1644693328214,'admin','\0',0,1644693328237,'admin',1),('0xb75bea5c35ac957d5a155e16e53d53c5','0x8c109349c6bd91411d6bc962e080c4a3','0x8c109349c6bd91411d6bc962e080c4a3','STC','XUSDT',1644753902269,'admin','\0',0,1644753902526,'admin',1),('0xb767bc58c0d186ce75a6edaefd709d5c','0x8c109349c6bd91411d6bc962e080c4a3','0x8c109349c6bd91411d6bc962e080c4a3','STC','XUSDT',1644752623751,'admin','\0',0,1644752623855,'admin',1),('0xb7dc567d7776088f3779e852fb8b4e0e','0x8c109349c6bd91411d6bc962e080c4a3','0x8c109349c6bd91411d6bc962e080c4a3','STC','XUSDT',1644682225720,'admin','\0',0,1644682225738,'admin',1),('0xbbc1e240f33d04ef0757baa412c6525a','0x8c109349c6bd91411d6bc962e080c4a3','0x8c109349c6bd91411d6bc962e080c4a3','STC','XUSDT',1643102047531,'admin','\0',0,1643102047544,'admin',1),('0xbd2b9c70758df0c6eb9c738ec2374610','0x8c109349c6bd91411d6bc962e080c4a3','0x8c109349c6bd91411d6bc962e080c4a3','STC','XUSDT',1644773165640,'admin','\0',0,1644773165748,'admin',1),('0xbef4207df7a7854e50db16041ff3df56','0x8c109349c6bd91411d6bc962e080c4a3','0x8c109349c6bd91411d6bc962e080c4a3','STC','XUSDT',1644768626189,'admin','\0',0,1644768626289,'admin',1),('0xbf11b9c472af3369b77d1533e7c4b27e','0x8c109349c6bd91411d6bc962e080c4a3','0x8c109349c6bd91411d6bc962e080c4a3','STC','XUSDT',1643120744941,'admin','\0',0,1643120835575,'admin',3),('0xbf41acf3b8c84acea4440b640e090a4e','0x8c109349c6bd91411d6bc962e080c4a3','0x8c109349c6bd91411d6bc962e080c4a3','STC','XUSDT',1644704197530,'admin','\0',0,1644704863180,'admin',1),('0xc171b4cfb603915cb6caf4746b6971ac','0x8c109349c6bd91411d6bc962e080c4a3','0x8c109349c6bd91411d6bc962e080c4a3','STC','XUSDT',1644731652718,'admin','\0',0,1644731652718,'admin',0),('0xc17e245c8ce8dcfe56661fa2796c98cf','0x8c109349c6bd91411d6bc962e080c4a3','0x8c109349c6bd91411d6bc962e080c4a3','STAR','STC',1645114929395,'admin','\0',0,1645114929395,'admin',0),('0xc217126d4253ff519c613ea9a09d8ae3','0x8c109349c6bd91411d6bc962e080c4a3','0x8c109349c6bd91411d6bc962e080c4a3','STC','XUSDT',1644761516771,'admin','\0',0,1644761516925,'admin',1),('0xc3371bf8a41d6dbc572450a575da2841','0x8c109349c6bd91411d6bc962e080c4a3','0x8c109349c6bd91411d6bc962e080c4a3','STC','XUSDT',1644692612947,'admin','\0',0,1644692612947,'admin',0),('0xc3702005ee2c7b84d8e3e9d3f32face9','0x8c109349c6bd91411d6bc962e080c4a3','0x8c109349c6bd91411d6bc962e080c4a3','STC','XUSDT',1644756135099,'admin','\0',0,1644756135232,'admin',1),('0xc441afcdae4abca6b3560cb2078a84e2','0x8c109349c6bd91411d6bc962e080c4a3','0x8c109349c6bd91411d6bc962e080c4a3','STC','XUSDT',1644786081616,'admin','\0',0,1644786081820,'admin',1),('0xc5227b18162e77c2ad7830528daad4f3','0x8c109349c6bd91411d6bc962e080c4a3','0x8c109349c6bd91411d6bc962e080c4a3','FAI','STC',1645194256478,'admin','\0',0,1645194256610,'admin',1),('0xc5227b18162e77c2ad7830528daad4f3','0x8c109349c6bd91411d6bc962e080c4a3','0x8c109349c6bd91411d6bc962e080c4a3','STAR','STC',1645194511289,'admin','\0',0,1645194511400,'admin',1),('0xc8b8ea19e7d9741ff0df2cce4fe0500a','0x8c109349c6bd91411d6bc962e080c4a3','0x8c109349c6bd91411d6bc962e080c4a3','FAI','STC',1645203162231,'admin','\0',0,1645247076291,'admin',2),('0xc90cb1f79bb5ba4fc58913db942966c6','0x8c109349c6bd91411d6bc962e080c4a3','0x8c109349c6bd91411d6bc962e080c4a3','STC','XUSDT',1644699668584,'admin','\0',0,1644700109311,'admin',3),('0xca069f15fd4be9b3c820b4a2d3a0c1c5','0x8c109349c6bd91411d6bc962e080c4a3','0x8c109349c6bd91411d6bc962e080c4a3','STC','XUSDT',1644769793523,'admin','\0',0,1644769793623,'admin',1),('0xca0d7f2b58fb4bda49cb51dc4fdae42b','0x8c109349c6bd91411d6bc962e080c4a3','0x8c109349c6bd91411d6bc962e080c4a3','STC','XUSDT',1644699186505,'admin','\0',0,1644699186533,'admin',1),('0xca1e50a8574fa3bdbaf2a64fbc4c6434','0x8c109349c6bd91411d6bc962e080c4a3','0x8c109349c6bd91411d6bc962e080c4a3','STC','XUSDT',1644677669654,'admin','\0',0,1644677669663,'admin',1),('0xccc1fe454d9005c0f55d4eb2c2ac53eb','0x8c109349c6bd91411d6bc962e080c4a3','0x8c109349c6bd91411d6bc962e080c4a3','STC','XUSDT',1644786588200,'admin','\0',0,1644786588355,'admin',1),('0xccd04eb037f6c938f387a9f925fca78f','0x8c109349c6bd91411d6bc962e080c4a3','0x8c109349c6bd91411d6bc962e080c4a3','STC','XUSDT',1644763400252,'admin','\0',0,1644763400356,'admin',1),('0xce42315ff48a6bbbc56f7d8cd467fe95','0x8c109349c6bd91411d6bc962e080c4a3','0x8c109349c6bd91411d6bc962e080c4a3','STC','XUSDT',1644780117595,'admin','\0',0,1644787147486,'admin',7),('0xcee2cbc8f477150d86fca7c09f311833','0x8c109349c6bd91411d6bc962e080c4a3','0x8c109349c6bd91411d6bc962e080c4a3','FAI','STC',1645193513165,'admin','\0',0,1645193513298,'admin',1),('0xd0bf0a82f799bd85af57df93e1a3a42e','0x8c109349c6bd91411d6bc962e080c4a3','0x8c109349c6bd91411d6bc962e080c4a3','STC','XUSDT',1644704421438,'admin','\0',0,1644785758030,'admin',2),('0xd4548ad4d28032bdc6e2b2cf15dc6cb9','0x8c109349c6bd91411d6bc962e080c4a3','0x8c109349c6bd91411d6bc962e080c4a3','STC','XUSDT',1643035218645,'admin','\0',0,1643035218645,'admin',0),('0xd4977db46ac5fb6e7a819ff5ca49d344','0x8c109349c6bd91411d6bc962e080c4a3','0x8c109349c6bd91411d6bc962e080c4a3','STC','XUSDT',1644706335495,'admin','\0',0,1644706335495,'admin',0),('0xd911823ab619c47304ac5ede7db51934','0x8c109349c6bd91411d6bc962e080c4a3','0x8c109349c6bd91411d6bc962e080c4a3','STC','XUSDT',1644747405858,'admin','\0',0,1644749523013,'admin',2),('0xdc0ba524c56635b9cc0505928ece159c','0x8c109349c6bd91411d6bc962e080c4a3','0x8c109349c6bd91411d6bc962e080c4a3','STC','XUSDT',1644775248420,'admin','\0',0,1644775267249,'admin',3),('0xdd8022c4e57d0d0fd85dd3fc0097bd9a','0x8c109349c6bd91411d6bc962e080c4a3','0x8c109349c6bd91411d6bc962e080c4a3','STC','XUSDT',1644761634028,'admin','\0',0,1644761634174,'admin',1),('0xde7c036328e55ab281060f90fc554451','0x8c109349c6bd91411d6bc962e080c4a3','0x8c109349c6bd91411d6bc962e080c4a3','STC','XUSDT',1644757912430,'admin','\0',0,1644757912581,'admin',1),('0xe11b80c3868da84912b0922c10fbbd1f','0x8c109349c6bd91411d6bc962e080c4a3','0x8c109349c6bd91411d6bc962e080c4a3','STC','XUSDT',1644841885629,'admin','\0',0,1644841885629,'admin',0),('0xe1ef7a4e1e458958cf916e12291a4767','0x8c109349c6bd91411d6bc962e080c4a3','0x8c109349c6bd91411d6bc962e080c4a3','STC','XUSDT',1644777737564,'admin','\0',0,1644777737673,'admin',1),('0xe39d93fea9b9c6c42966e2a6693ca99a','0x8c109349c6bd91411d6bc962e080c4a3','0x8c109349c6bd91411d6bc962e080c4a3','STC','XUSDT',1644715446001,'admin','\0',0,1644715584158,'admin',1),('0xe515aa3c51f6984fb53787971d4eecfb','0x8c109349c6bd91411d6bc962e080c4a3','0x8c109349c6bd91411d6bc962e080c4a3','FAI','STC',1645266987847,'admin','\0',0,1645266987847,'admin',0),('0xe515aa3c51f6984fb53787971d4eecfb','0x8c109349c6bd91411d6bc962e080c4a3','0x8c109349c6bd91411d6bc962e080c4a3','STAR','STC',1645267976111,'admin','\0',0,1645268997075,'admin',1),('0xe753c30c111eb599de0a41ae5803359f','0x8c109349c6bd91411d6bc962e080c4a3','0x8c109349c6bd91411d6bc962e080c4a3','STC','XUSDT',1644755961575,'admin','\0',0,1644756266569,'admin',5),('0xe7b088bef1c4444a00f2f50f5cabbb09','0x8c109349c6bd91411d6bc962e080c4a3','0x8c109349c6bd91411d6bc962e080c4a3','STC','XUSDT',1644777846854,'admin','\0',0,1644777846981,'admin',1),('0xe989d108a23c9257d0787c5ec0e4c99f','0x8c109349c6bd91411d6bc962e080c4a3','0x8c109349c6bd91411d6bc962e080c4a3','STC','XUSDT',1644688681504,'admin','\0',0,1644688681504,'admin',0),('0xe99d9226230c4c30f1622ef835771fa7','0x8c109349c6bd91411d6bc962e080c4a3','0x8c109349c6bd91411d6bc962e080c4a3','STC','XUSDT',1644758718693,'admin','\0',0,1644758718801,'admin',1),('0xe9e27dff6a4397eac392c5e6db3118b7','0x8c109349c6bd91411d6bc962e080c4a3','0x8c109349c6bd91411d6bc962e080c4a3','STC','XUSDT',1644688159224,'admin','\0',0,1644688159237,'admin',1),('0xeaf48b7c92fb5489c9d5a8ad10f9c7f5','0x8c109349c6bd91411d6bc962e080c4a3','0x8c109349c6bd91411d6bc962e080c4a3','STC','XUSDT',1644760638874,'admin','\0',0,1644760639032,'admin',1),('0xeb75669c1d9aca637f6d03fb0d497b18','0x8c109349c6bd91411d6bc962e080c4a3','0x8c109349c6bd91411d6bc962e080c4a3','STC','XUSDT',1644746982008,'admin','\0',0,1644746982017,'admin',1),('0xed57e34cade94d4b997356903b26cb4e','0x8c109349c6bd91411d6bc962e080c4a3','0x8c109349c6bd91411d6bc962e080c4a3','STC','XUSDT',1644779785893,'admin','\0',0,1644779786023,'admin',1),('0xee683408fdbb2c030c3177d31f245806','0x8c109349c6bd91411d6bc962e080c4a3','0x8c109349c6bd91411d6bc962e080c4a3','STC','XUSDT',1644673470389,'admin','\0',0,1644673470533,'admin',1),('0xee7ecd0adcee3ec6eaa34f25a551a738','0x8c109349c6bd91411d6bc962e080c4a3','0x8c109349c6bd91411d6bc962e080c4a3','STC','XUSDT',1644750048027,'admin','\0',0,1644750048027,'admin',0),('0xef8b3868fea02a8a8750f255d3f058c7','0x8c109349c6bd91411d6bc962e080c4a3','0x8c109349c6bd91411d6bc962e080c4a3','STC','XUSDT',1644764597884,'admin','\0',0,1644764597984,'admin',1),('0xef934191592117b7d5405aa3303cdf43','0x8c109349c6bd91411d6bc962e080c4a3','0x8c109349c6bd91411d6bc962e080c4a3','STC','XUSDT',1644778815339,'admin','\0',0,1644778815528,'admin',1),('0xf2034af0da3dfc279800ada0a47e2e99','0x8c109349c6bd91411d6bc962e080c4a3','0x8c109349c6bd91411d6bc962e080c4a3','STC','XUSDT',1644700191034,'admin','\0',0,1644700663966,'admin',2),('0xf34636891131f4b7c8e2ec58f21cea5c','0x8c109349c6bd91411d6bc962e080c4a3','0x8c109349c6bd91411d6bc962e080c4a3','STC','XUSDT',1644692004019,'admin','\0',0,1644692004073,'admin',1),('0xf370d3a66d8ee538af6ce8f3b758bfc7','0x8c109349c6bd91411d6bc962e080c4a3','0x8c109349c6bd91411d6bc962e080c4a3','FAI','STC',1645205978841,'admin','\0',0,1645205978841,'admin',0),('0xf3d5a25dc47c85e632c96dd035b32462','0x8c109349c6bd91411d6bc962e080c4a3','0x8c109349c6bd91411d6bc962e080c4a3','STC','XUSDT',1644692431709,'admin','\0',0,1644692431740,'admin',1),('0xf4198492d03d940d91c5262447f5888b','0x8c109349c6bd91411d6bc962e080c4a3','0x8c109349c6bd91411d6bc962e080c4a3','STC','XUSDT',1644761025307,'admin','\0',0,1644761025432,'admin',1),('0xf4ff71dfd5e76cb768de9c3f209fd8c1','0x8c109349c6bd91411d6bc962e080c4a3','0x8c109349c6bd91411d6bc962e080c4a3','STC','XUSDT',1644681455577,'admin','\0',0,1644681455577,'admin',0),('0xf5f311113e1989b51a91db77ecffb0a2','0x8c109349c6bd91411d6bc962e080c4a3','0x8c109349c6bd91411d6bc962e080c4a3','FAI','STC',1645196117194,'admin','\0',0,1645196117194,'admin',0),('0xf5f311113e1989b51a91db77ecffb0a2','0x8c109349c6bd91411d6bc962e080c4a3','0x8c109349c6bd91411d6bc962e080c4a3','STAR','STC',1645196181567,'admin','\0',0,1645196181567,'admin',0),('0xf9712a066e62870d39c1efd047ca3b20','0x8c109349c6bd91411d6bc962e080c4a3','0x8c109349c6bd91411d6bc962e080c4a3','STC','XUSDT',1644697078341,'admin','\0',0,1644697078351,'admin',1),('0xfc2bfd76deeb1dac871c1c1af4b95b3f','0x8c109349c6bd91411d6bc962e080c4a3','0x8c109349c6bd91411d6bc962e080c4a3','STC','XUSDT',1644685978289,'admin','\0',0,1644685978297,'admin',1),('0xfc7eb771dd3340b72ff81f13d451af8f','0x8c109349c6bd91411d6bc962e080c4a3','0x8c109349c6bd91411d6bc962e080c4a3','STC','XUSDT',1644745504355,'admin','\0',0,1644745504368,'admin',1),('0xfd5569f578553d8012b26bc4485dabdb','0x8c109349c6bd91411d6bc962e080c4a3','0x8c109349c6bd91411d6bc962e080c4a3','STC','XUSDT',1644748156455,'admin','\0',0,1644748156455,'admin',0),('0xfdd825ed5aaa75507c5379b1b1a42395','0x8c109349c6bd91411d6bc962e080c4a3','0x8c109349c6bd91411d6bc962e080c4a3','STC','XUSDT',1644785499965,'admin','\0',0,1644787434899,'admin',5),('0xfe4d413a733b8f40fc7541f9219d980d','0x8c109349c6bd91411d6bc962e080c4a3','0x8c109349c6bd91411d6bc962e080c4a3','STC','XUSDT',1644783586165,'admin','\0',0,1644783586282,'admin',1),('0xfeb2d3b3bf029d82c07da6abdab3a4fb','0x8c109349c6bd91411d6bc962e080c4a3','0x8c109349c6bd91411d6bc962e080c4a3','STC','XUSDT',1644689781014,'admin','\0',0,1644784244673,'admin',3),('0xffcd130d992eb669fd23e80c96ad10bd','0x8c109349c6bd91411d6bc962e080c4a3','0x8c109349c6bd91411d6bc962e080c4a3','STC','XUSDT',1644707292735,'admin','\0',0,1644707292735,'admin',0);
/*!40000 ALTER TABLE `liquidity_token_farm_account` ENABLE KEYS */;
UNLOCK TABLES;

--
-- Table structure for table `node_heartbeat`
--

-- DROP TABLE IF EXISTS `node_heartbeat`;
--/*!40101 SET @saved_cs_client     = @@character_set_client */;
--/*!40101 SET character_set_client = utf8 */;
--CREATE TABLE `node_heartbeat` (
--  `node_id` varchar(34) NOT NULL,
--  `beaten_at` decimal(21,0) DEFAULT NULL,
--  `started_at` decimal(21,0) DEFAULT NULL,
--  `created_at` bigint NOT NULL,
--  `created_by` varchar(70) NOT NULL,
--  `updated_at` bigint NOT NULL,
--  `updated_by` varchar(70) NOT NULL,
--  PRIMARY KEY (`node_id`)
--) ENGINE=InnoDB DEFAULT CHARSET=utf8mb4 COLLATE=utf8mb4_unicode_ci;
--/*!40101 SET character_set_client = @saved_cs_client */;

--
-- Dumping data for table `node_heartbeat`
--

LOCK TABLES `node_heartbeat` WRITE;
/*!40000 ALTER TABLE `node_heartbeat` DISABLE KEYS */;
-- INSERT INTO `node_heartbeat` VALUES ('0x12dad328ab7c46dba89b3503cf7e9c0b',3456081,3456081,1645256938620,'admin',1645256938620,'admin'),('0x1f2ea12dcbed4c6d9b22dad1622f599a',3446662,3446658,1645195313543,'admin',1645195331365,'admin'),('0x23c91343673e405199273eac45cb3841',3454126,3454126,1645256976119,'admin',1645256976119,'admin'),('0x2dcbda7eb7a342d293449ba8fe1960fa',3434165,3434165,1645193188540,'admin',1645193188540,'admin'),('0x5186fbf41a18403e874e56b514716aa6',3446225,3446225,1645195337144,'admin',1645195337144,'admin'),('0x5d58a00368da4a7c87ea538310096646',3428069,3428004,1645101376990,'admin',1645101682820,'admin'),('0x6a21fa7e8e0d4d649f4b3d7f18233705',3454126,3454126,1645247076189,'admin',1645247076189,'admin'),('0x6a726552b6c040f5a32a6894678aec1a',3486220,3486220,1645411754329,'admin',1645411754329,'admin'),('0x9429ddde23bf4dc5a998a230abd86f9f',3446225,3446225,1645193148866,'admin',1645193148866,'admin'),('0x95939a76aaa2402990e471ce43d2a6f6',3428707,3428665,1645104686943,'admin',1645104935449,'admin'),('0x993edb873b974d00a54cabc8121d340a',3446662,3446662,1645247123777,'admin',1645247123777,'admin'),('0xbce6a571bb69482e90144ae4e9524c08',3428069,3428069,1645104721664,'admin',1645104721664,'admin'),('0xd6fe570fcf454404bfa86a924ae48c21',3428707,3428707,1645132451053,'admin',1645132451053,'admin'),('0xd9517dece1484eabba01a27212a2ab33',3456081,3456081,1645411768243,'admin',1645411768243,'admin'),('0xe1ce44de5d6341bda8f8090f909ecfc9',3434165,3434165,1645132393620,'admin',1645132393620,'admin');
/*!40000 ALTER TABLE `node_heartbeat` ENABLE KEYS */;
UNLOCK TABLES;

--
-- Table structure for table `pulling_event_task`
--

-- DROP TABLE IF EXISTS `pulling_event_task`;
--/*!40101 SET @saved_cs_client     = @@character_set_client */;
--/*!40101 SET character_set_client = utf8 */;
--CREATE TABLE `pulling_event_task` (
--  `from_block_number` decimal(21,0) NOT NULL,
--  `created_at` bigint NOT NULL,
--  `created_by` varchar(70) NOT NULL,
--  `status` varchar(20) NOT NULL,
--  `to_block_number` decimal(21,0) NOT NULL,
--  `updated_at` bigint NOT NULL,
--  `updated_by` varchar(70) NOT NULL,
--  `version` bigint DEFAULT NULL,
--  PRIMARY KEY (`from_block_number`)
--) ENGINE=InnoDB DEFAULT CHARSET=utf8mb4 COLLATE=utf8mb4_unicode_ci;
--/*!40101 SET character_set_client = @saved_cs_client */;

--
-- Dumping data for table `pulling_event_task`
--

LOCK TABLES `pulling_event_task` WRITE;
/*!40000 ALTER TABLE `pulling_event_task` DISABLE KEYS */;
-- INSERT INTO `pulling_event_task` VALUES (10,1631513787195,'ADMIN','DONE',21,1631873282156,'ADMIN',4233),(20,1631007150701,'ADMIN','DONE',43,1631018606101,'ADMIN',6),(30,1631513787233,'ADMIN','DONE',51,1631873282345,'ADMIN',4233),(100,1631886385776,'ADMIN','DONE',900509,1632975186495,'ADMIN',2548),(1106859,1642995532848,'ADMIN','DONE',3034615,1642995532848,'ADMIN',1),(3040499,1643035256172,'ADMIN','DONE',3041586,1643035256172,'ADMIN',1),(3041586,1643101650328,'ADMIN','DONE',3054108,1643101650328,'ADMIN',1),(3054965,1643120794098,'ADMIN','DONE',3057069,1643120794098,'ADMIN',1),(3057276,1644673480449,'ADMIN','DONE',3343000,1644673480449,'ADMIN',1),(3345958,1644688711702,'ADMIN','DONE',3346042,1644688711702,'ADMIN',1),(3354579,1644739497388,'ADMIN','DONE',3356131,1644739497388,'ADMIN',1),(3365069,1644785552069,'ADMIN','DONE',3365277,1644785552069,'ADMIN',1),(3428069,1645104721625,'ADMIN','PROCESSING',3428665,1645104721625,'ADMIN',1),(3428707,1645132451036,'ADMIN','PROCESSING',3434165,1645132451036,'ADMIN',1),(3434165,1645193168536,'ADMIN','PROCESSING',3446225,1645193168536,'ADMIN',1),(3446225,1645195317155,'ADMIN','PROCESSING',3446658,1645195317155,'ADMIN',1),(3446662,1645247121204,'ADMIN','PROCESSING',3454126,1645247121204,'ADMIN',1),(3454126,1645256975624,'ADMIN','PROCESSING',3456081,1645256975624,'ADMIN',1),(3456081,1645411766828,'ADMIN','PROCESSING',3486220,1645411766828,'ADMIN',1);
/*!40000 ALTER TABLE `pulling_event_task` ENABLE KEYS */;
UNLOCK TABLES;

--
-- Table structure for table `syrup_pool`
--

-- DROP TABLE IF EXISTS `syrup_pool`;
--/*!40101 SET @saved_cs_client     = @@character_set_client */;
--/*!40101 SET character_set_client = utf8 */;
--CREATE TABLE `syrup_pool` (
--  `pool_address` varchar(34) COLLATE utf8mb4_unicode_ci NOT NULL,
--  `token_id` varchar(255) COLLATE utf8mb4_unicode_ci NOT NULL,
--  `created_at` bigint NOT NULL,
--  `created_by` varchar(70) COLLATE utf8mb4_unicode_ci NOT NULL,
--  `deactived` bit(1) NOT NULL,
--  `description` varchar(1000) COLLATE utf8mb4_unicode_ci DEFAULT NULL,
--  `estimated_apy` decimal(31,10) DEFAULT NULL,
--  `reward_multiplier` int DEFAULT NULL,
--  `reward_token_id` varchar(15) COLLATE utf8mb4_unicode_ci NOT NULL,
--  `sequence_number` int NOT NULL,
--  `total_stake_amount` decimal(31,0) DEFAULT NULL,
--  `tvl_in_usd` decimal(51,10) DEFAULT NULL,
--  `updated_at` bigint NOT NULL,
--  `updated_by` varchar(70) COLLATE utf8mb4_unicode_ci NOT NULL,
--  `version` bigint DEFAULT NULL,
--  PRIMARY KEY (`pool_address`,`token_id`),
--  KEY `idx_token_id` (`token_id`)
--) ENGINE=InnoDB DEFAULT CHARSET=utf8mb4 COLLATE=utf8mb4_unicode_ci;
--/*!40101 SET character_set_client = @saved_cs_client */;

--
-- Dumping data for table `syrup_pool`
--

LOCK TABLES `syrup_pool` WRITE;
/*!40000 ALTER TABLE `syrup_pool` DISABLE KEYS */;
INSERT INTO `syrup_pool` VALUES
('0x8c109349c6bd91411d6bc962e080c4a3','STAR',1643030987000,'admin','\0','STAR',247.7116376300,NULL,'STAR',1,25461863884321,88.6051821282,1645429064423,'admin',19313)
;
/*!40000 ALTER TABLE `syrup_pool` ENABLE KEYS */;
UNLOCK TABLES;

--
-- Table structure for table `syrup_pool_account`
--

-- DROP TABLE IF EXISTS `syrup_pool_account`;
--/*!40101 SET @saved_cs_client     = @@character_set_client */;
--/*!40101 SET character_set_client = utf8 */;
--CREATE TABLE `syrup_pool_account` (
--  `account_address` varchar(34) COLLATE utf8mb4_unicode_ci NOT NULL,
--  `pool_address` varchar(34) COLLATE utf8mb4_unicode_ci NOT NULL,
--  `token_id` varchar(15) COLLATE utf8mb4_unicode_ci NOT NULL,
--  `created_at` bigint NOT NULL,
--  `created_by` varchar(70) COLLATE utf8mb4_unicode_ci NOT NULL,
--  `deactived` bit(1) NOT NULL,
--  `updated_at` bigint NOT NULL,
--  `updated_by` varchar(70) COLLATE utf8mb4_unicode_ci NOT NULL,
--  `version` bigint DEFAULT NULL,
--  PRIMARY KEY (`account_address`,`pool_address`,`token_id`),
--  KEY `idx_token_id` (`token_id`)
--) ENGINE=InnoDB DEFAULT CHARSET=utf8mb4 COLLATE=utf8mb4_unicode_ci;
--/*!40101 SET character_set_client = @saved_cs_client */;

--
-- Dumping data for table `syrup_pool_account`
--

LOCK TABLES `syrup_pool_account` WRITE;
/*!40000 ALTER TABLE `syrup_pool_account` DISABLE KEYS */;
-- INSERT INTO `syrup_pool_account` VALUES ('0x0318061a577fa9740ffde993f0208191','0x8c109349c6bd91411d6bc962e080c4a3','STAR',1645254352913,'admin','\0',1645254352913,'admin',0),('0x160763eab1973753778d711cd8cd9e67','0x8c109349c6bd91411d6bc962e080c4a3','STAR',1645113732506,'admin','\0',1645113732506,'admin',0),('0x16ca3af780a5c1e57619d826018dcce4','0x8c109349c6bd91411d6bc962e080c4a3','STAR',1645111292082,'admin','\0',1645111292236,'admin',1),('0x1debf8436729d078503af72027f3b8a9','0x8c109349c6bd91411d6bc962e080c4a3','STAR',1645193148839,'admin','\0',1645193148934,'admin',1),('0x2d2c57f19251fcfbf3b513d90b9dafd6','0x8c109349c6bd91411d6bc962e080c4a3','STAR',1645262908566,'admin','\0',1645262908566,'admin',0),('0x35e0158fb855b129933d03da69728f6e','0x8c109349c6bd91411d6bc962e080c4a3','STAR',1645108102719,'admin','\0',1645108102838,'admin',1),('0x4783d08fb16990bd35d83f3e23bf93b8','0x8c109349c6bd91411d6bc962e080c4a3','STAR',1643117796000,'admin','\0',1643117796000,'admin',0),('0x488a06dc4a705dbb6b88189a90f9e5a3','0x8c109349c6bd91411d6bc962e080c4a3','STAR',1645195826337,'admin','\0',1645195826337,'admin',0),('0x52079561d274294122538c8b8ffc0ff0','0x8c109349c6bd91411d6bc962e080c4a3','STAR',1645101682798,'admin','\0',1645101682897,'admin',1),('0x62d8b4bcdf7fc529bcf9f53ad128ef0a','0x8c109349c6bd91411d6bc962e080c4a3','STAR',1645143568140,'admin','\0',1645143568140,'admin',0),('0x64a614d2aa511716a2eb6d60daa6f6d0','0x8c109349c6bd91411d6bc962e080c4a3','STAR',1645104686915,'admin','\0',1645104904552,'admin',3),('0x8022f6023a5230d891d1f92d92a128bc','0x8c109349c6bd91411d6bc962e080c4a3','STAR',1645193716746,'admin','\0',1645193716892,'admin',1),('0x930bde416207e688fbcec1e756eda5e5','0x8c109349c6bd91411d6bc962e080c4a3','STAR',1645194430313,'admin','\0',1645194430413,'admin',1),('0x9c8f6c0c80d79865b7d04dc65496429d','0x8c109349c6bd91411d6bc962e080c4a3','STAR',1645195313528,'admin','\0',1645195331358,'admin',1),('0x9d617a503b1482f54a0cc4fa97a40e93','0x8c109349c6bd91411d6bc962e080c4a3','STAR',1645195874288,'admin','\0',1645195874288,'admin',0),('0xa74bfcde1c8eb73384ae7f1dc26eec03','0x8c109349c6bd91411d6bc962e080c4a3','STAR',1645197594295,'admin','\0',1645199827326,'admin',3),('0xbae168616774430c83c055f94e68bee9','0x8c109349c6bd91411d6bc962e080c4a3','STAR',1645136479153,'admin','\0',1645136479153,'admin',0),('0xc17e245c8ce8dcfe56661fa2796c98cf','0x8c109349c6bd91411d6bc962e080c4a3','STAR',1645115015350,'admin','\0',1645115015350,'admin',0),('0xcee2cbc8f477150d86fca7c09f311833','0x8c109349c6bd91411d6bc962e080c4a3','STAR',1645193411698,'admin','\0',1645193411887,'admin',1),('0xf5f311113e1989b51a91db77ecffb0a2','0x8c109349c6bd91411d6bc962e080c4a3','STAR',1645195769454,'admin','\0',1645195793527,'admin',1);
/*!40000 ALTER TABLE `syrup_pool_account` ENABLE KEYS */;
UNLOCK TABLES;

--
-- Table structure for table `token`
--

-- DROP TABLE IF EXISTS `token`;
--/*!40101 SET @saved_cs_client     = @@character_set_client */;
--/*!40101 SET character_set_client = utf8 */;
--CREATE TABLE `token` (
--  `token_id` varchar(15) NOT NULL,
--  `created_at` bigint NOT NULL,
--  `created_by` varchar(70) NOT NULL,
--  `deactived` bit(1) NOT NULL,
--  `description` varchar(1000) NOT NULL,
--  `icon_url` varchar(1000) NOT NULL,
--  `sequence_number` int NOT NULL,
--  `token_struct_address` varchar(34) NOT NULL,
--  `token_struct_module` varchar(255) NOT NULL,
--  `token_struct_name` varchar(255) NOT NULL,
--  `updated_at` bigint NOT NULL,
--  `updated_by` varchar(70) NOT NULL,
--  `version` bigint DEFAULT NULL,
--  `scaling_factor` decimal(21,0) DEFAULT NULL,
--  `to_usd_exchange_rate_path` varchar(50) DEFAULT NULL,
--  PRIMARY KEY (`token_id`),
--  UNIQUE KEY `UniqueTokenCode` (`token_struct_address`,`token_struct_module`,`token_struct_name`)
--) ENGINE=InnoDB DEFAULT CHARSET=utf8mb4 COLLATE=utf8mb4_unicode_ci;
--/*!40101 SET character_set_client = @saved_cs_client */;

--
-- Dumping data for table `token`
--

LOCK TABLES `token` WRITE;
/*!40000 ALTER TABLE `token` DISABLE KEYS */;
INSERT INTO `token` VALUES
('FAI',1639737451000,'admin','\0','FAI','',2,'0xfe125d419811297dfab03c61efec0bc9','FAI','FAI',1639738530395,'admin',1,1000000000,NULL),
-- ('SHARE',1642653864000,'admin','\0','SHARE','',2,'0x88e2677b89841cd4ee7c15535798e1c8','SHARE','SHARE',1642671516183,'admin',1,1000000000,NULL),
('STAR',1639737463000,'admin','\0','STAR','',2,'0x8c109349c6bd91411d6bc962e080c4a3','STAR','STAR',1639738530490,'admin',1,1000000000,'STC,FAI'),
('STC',1631849404000,'admin','\0','STC','',1,'0x00000000000000000000000000000001','STC','STC',1631873282217,'admin',1,1000000000,'FAI'),
-- ('WEN',1642653864000,'admin','\0','WEN','',2,'0x88e2677b89841cd4ee7c15535798e1c8','WEN','WEN',1642671516281,'admin',1,1000000000,NULL),
-- ('XETH',1639737410000,'admin','\0','ETH','',2,'0x2d81a0427d64ff61b11ede9085efa5ad','XETH','XETH',1639738530547,'admin',1,1000000000000000000,'STC,FAI'),
('XUSDT',1639737369000,'admin','\0','USDT','',2,'0xb6d69dd935edf7f2054acf12eb884df8','XUSDT','XUSDT',1639738530596,'admin',1,1000000000,NULL)
;
/*!40000 ALTER TABLE `token` ENABLE KEYS */;
UNLOCK TABLES;

--
-- Table structure for table `token_to_usd_price_pair_mapping`
--

-- DROP TABLE IF EXISTS `token_to_usd_price_pair_mapping`;
--/*!40101 SET @saved_cs_client     = @@character_set_client */;
--/*!40101 SET character_set_client = utf8 */;
--CREATE TABLE `token_to_usd_price_pair_mapping` (
--  `token_id` varchar(15) NOT NULL,
--  `created_at` bigint NOT NULL,
--  `created_by` varchar(70) NOT NULL,
--  `is_usd_equivalent_token` bit(1) DEFAULT NULL,
--  `pair_id` varchar(25) DEFAULT NULL,
--  `updated_at` bigint NOT NULL,
--  `updated_by` varchar(70) NOT NULL,
--  `version` bigint DEFAULT NULL,
--  PRIMARY KEY (`token_id`)
--) ENGINE=InnoDB DEFAULT CHARSET=utf8mb4 COLLATE=utf8mb4_unicode_ci;
--/*!40101 SET character_set_client = @saved_cs_client */;

--
-- Dumping data for table `token_to_usd_price_pair_mapping`
--

LOCK TABLES `token_to_usd_price_pair_mapping` WRITE;
/*!40000 ALTER TABLE `token_to_usd_price_pair_mapping` DISABLE KEYS */;
INSERT INTO `token_to_usd_price_pair_mapping` VALUES ('{TOKEN_ID}',1632567783923,'admin','\0','{TOKEN_ID}_USD',1632567783923,'admin',0);
INSERT INTO `token_to_usd_price_pair_mapping` VALUES ('BX_USDT',1632567783987,'admin', true,'BX_USDT_USD',1632567783987,'admin',0);
INSERT INTO `token_to_usd_price_pair_mapping` VALUES ('FAI',1643294475000,'admin', true,'FAI_USD',1643294475000,'admin',0);
INSERT INTO `token_to_usd_price_pair_mapping` VALUES ('STC',1632567783999,'admin','\0','STCUSD',1632567783999,'admin',0);
INSERT INTO `token_to_usd_price_pair_mapping` VALUES ('XUSDT',1639738530635,'admin', true,'XUSDT_USD',1639738530635,'admin',0);
/*!40000 ALTER TABLE `token_to_usd_price_pair_mapping` ENABLE KEYS */;
UNLOCK TABLES;

/*!40103 SET TIME_ZONE=@OLD_TIME_ZONE */;
/*!40101 SET SQL_MODE=@OLD_SQL_MODE */;
/*!40014 SET FOREIGN_KEY_CHECKS=@OLD_FOREIGN_KEY_CHECKS */;
/*!40014 SET UNIQUE_CHECKS=@OLD_UNIQUE_CHECKS */;
/*!40101 SET CHARACTER_SET_CLIENT=@OLD_CHARACTER_SET_CLIENT */;
/*!40101 SET CHARACTER_SET_RESULTS=@OLD_CHARACTER_SET_RESULTS */;
/*!40101 SET COLLATION_CONNECTION=@OLD_COLLATION_CONNECTION */;
/*!40111 SET SQL_NOTES=@OLD_SQL_NOTES */;

-- Dump completed on 2022-02-21  7:37:49

delete from node_heartbeat where node_id != '1qaz';

update pulling_event_task set status ='DONE';

